document_id,clean_text,sentiment
1,llm work pretraining posttraining neural network hallucination inference ai socialmedia engineer startup techforgood socialmedia datascience machinelearning iot iiot python javascript marketing daysofcode httpstcotowdiujki,negative
2,n detail check paper website httpstcozjutwjcaa llm codegeneration inference scaling search optimization,negative
3,enilev iamvictordey observer jblefevre ianljones khuloodalmani shitech evankirstel mvollmer curieuxexplorer jimharris lyakovet heinzvhoenen fisherm theadityapatro hakomtimeseries joanaut swisscognitive miriamasensi travelfoodiestv al companion future friendship dangerous illusion iamvictordey thx enilevmom bosch pfizer deepseekr bigdata linkedin mwc web crypto europe usa frenchtech technology uk genai llm digitalhealth google x socialmedia,negative
4,deepseeks nsa outperforms full attention making ai model faster smarter httpstcorqvml ai machinelearning deeplearning sparseattention llm artificialintelligence neuralnetworks tech gpus research deepseekai,negative
5,curator open source library xd productivity creating posttraining datasets star curator github support httpstcozxlfonefm llm opensource github bespokelabsai httpstcooxouqzsmh,negative
6,impennyx ryantanaka shivon elonmusk grok cohere anthropicai stabilityai openai see shivon ampc elonmusk gdb jaltma pmarca darioamodei everyone else hoping get rich famous llm want sell machine completely predictable safe something easily monetized slotted process,negative
7,impennyx ryantanaka shivon shivon ryantanaka impennyx reality stupid even notice llm unable reason fail distinguish true information false information bad data good data arent able think,negative
8,dramatically accelerating patientmatching clinical trial open source ai meta httpstcogfaiucb llm,negative
9,mit study show large language model think english reasoning language httpstcofszctsz ai machinelearning neuroscience llm artificialintelligence deeplearning techresearch datascience mit,negative
10,dont llm emphasize aiethics benchmark dailydebunks httpstcoebnnkfhh,negative
11,read latest work cococola measuring improving language adherence multilingual llm efficient finetuning httpstconbymeqwjsr thanks coauthor alirezaziabari mortezdehghani collaboration llm nlp multilinguality,negative
12,string secures series b led growth equity goldman sachs alternative httpstcoeqzszdp llm,negative
13,attention work protein jesse johnson substack httpstcocmrfalntn llm,negative
14,httpstcogjeodpkbc try ai llm tool utility so com proxy look cool httpstcoicrpnde,negative
15,success isnt user deeply understood one selfreinforcing selflearning selfexecuting system full essay httpstcojfjxyrim ai defensibility product llm httpstcogdsgoxija,negative
16,bad imagetotext ai llm httpstcowbxpbhgka,negative
17,learn getpostmans ai agent builder evaluate compare llm based performance amp cost orchestrate intelligent automation agentic workflow discover amp integrate relevant apis agent tool without coding complexity httpstconkaqpm httpstcotyusrrdxqp,negative
18,absolute must watch youd like get crash course llm work httpstcokffawdt,negative
19,saudi llm sovereign cloud platform launched stc group developing telecom httpstcoidteitueg llm,negative
20,postdoctoral researcher dominstanlp said deepseek less tool tiktok really could play data data chat llm point future might valuable user data social medium provider,negative
21,recent podcast maxime labonne author ml scientist liquid ai explored essential skill emerging architecture best practice working llm llm languagemodels largelanguagemodels llm datascience ai artificialintelligence httpstcozayakcac,negative
22,anthropics economic index shed light ai role collaborator rather autonomous tool providing unprecedented insight realworld ai adoption anthropic llm datascience ai artificialintelligence httpstcorcifers,negative
23,httpstcokfvauqulv oneclick installer stabilitymatrix one click install update stable diffusion web ui package github tool ai llm utility,negative
24,prompt promtengineering llm howto guide understand ai emotionalai httpstcoyuontath,negative
25,helsing mistral partner develop llm defence siftedeu mistral helsing llm genai defence ai httpstcoekioharf,negative
26,excited start journey generative ai exploring llm embeddings langchain building project deepseekrb amp hugging face stay tuned insight amp learning ai llm generativeai,negative
27,llm reasoningtheyre really good planning httpstcognldccwf httpstcohnabubd llm,negative
28,team member didnt record meeting speak sync calendar never miss another meeting insight try speak free httpstcoakfjb artificialintelligence transcription llm ai chatgpt speechrecognition gpt openai speechtotext httpstcoxpttzsvu httpstcoglthmap,negative
29,need performance llm better others fortunately better one also give good affordable pricing thats economy scale nice analysis source httpstcorwiafujw,negative
30,energy required run ai task already accelerating annual growth rate present environmental footprint split inference taking lion share httpstcoddeyjrtcg ethic tech sustainability llm httpstcozzihmovxc,negative
31,ethic ai llm tech research httpstcowrlkhre,negative
32,ethic ai llm tech research httpstcoeaahlxqr,negative
33,scaling llm open sourced huggingface weekend read llm buildinpublic httpstcojtihrcpnv,negative
34,ai fix bugsbut cant find openais study highlight limit llm software engineering largelanguagemodels artificialintelligence tech technology httpstcoiuyynfhdct,negative
35,root signal introduces root judge stateoftheart judge model measuring ein news httpstcocsgijktc llm,negative
36,moba mixture block attention long context llm applies principle moemixture expert attention mechanism httpstcosqsubens,negative
37,building ai productspart backend architecture phil calado httpstcormwqpzbmmf ai llm backend backendarchitecture digitalproducts,negative
38,ai trap cycle shiny new technology fish thought httpstconnladfsj ai llm aitrap technology softwareengineering,negative
39,deepseekr incentivizing reasoning capability llm via reinforcement learning httpstcovxemworw deepseek llm ai,negative
40,bci meet ai there new paper arxiv detailing novel braincomputer interface integrates ssvep speller llm system enables natural language input dynamic paradigm generation multilingual support check httpstcohaquwwto pdf httpstcocrminnbwx,negative
41,knowledgesharing tblx brain food here whats tblxers reading list lately deep dive llm like chatgpt andrej karpathy httpstcoodzwbfpez wearetblx chatgpt llm ai,negative
42,ethic tech research ai llm httpstcoeaxbkzodh,negative
43,rise generative ai created data challengelarge language model llm need vast highquality datasets stay relevant prevent brain drain older data becomes outdated httpstcocjitrqya datascience generativeai machinelearning httpstcohjbobv,negative
44,thanks technology behind llm directly translate natural language analytics chart dataviz report without knowledge underlying database data schema luzmoofficial httpstcoduxjtgxw artificialntelligence ai analytics httpstcoixpjmzvvg,negative
45,introducing agent leaderboard huggingface galileoai agent leaderboard evaluates agent performance using galileo tool selection quality metric understand different llm handle toolbased interaction across various dimension httpstcopdzqiaa,negative
46,llm hack network yetbut incalmo change game abstraction layer help llm execute multistage attack translating highlevel task actionable step httpstcorvrdau cybersecurity ai incalmo llm techinnovation,negative
47,software engineering intern cabinetwork group built httpstcoalwelxrkz llm,negative
48,seotrends include brand increasingly relying usergenerated content drive organic traffic amp sale reliance llm google get faster answer question use ai seo officially become mainstream httpstcolkyrjbuus httpstcorlhmuyrvo,negative
49,paper show llm compute numerical sum simply memorise answer training data actively compute solution using fourier feature embeddings represent number httpstcozkfpzyupw,negative
50,generally speaking though major fan llm search replacement,negative
51,andrej karpathys video highly recommended one dive technology behind chatgpt similar product covering full training process mental model psychology practical application httpstcouvqqifppb ai llm llm genai,negative
52,like human brain largelanguagemodels reason diverse data general way llm ai artificialintelligence research algorithm tech technology httpstcohvskkytf httpstcozvkiroka,negative
53,atal fdp llm begin graphic era garhwal post httpstcoknmqlevam llm,negative
54,novel pruning technique show promise reducing ai bias without harming performance httpstcontwqyyh llm,negative
55,opinion rise autonomous agentic ai raise geopolitical stake httpstcoitzdgksikt llm,negative
56,java speaks model context protocol programmer httpstcowkrqalf llm,negative
57,reuters win ai copyright case could impact ai giant like openai anthropic xai httpstcobxohybr fairuse ai artificialintelligence llm training copyright,negative
58,lerne die grundlegenden mathematischen konzepte machine learning techniken und programmierpraktiken die du brauchst um mit llm zu arbeiten der schlssel zum erfolg der kiwelt machinelearning knstlicheintelligenz llm programmierung mathematik,negative
59,didnt use speak analysis make sure people care insight httpstcoffbbleitv transcription llm ai chatgpt speechrecognition gpt openai speechtotext research transcribe funny meme viral trending technology buildinpublic httpstcoreptvjgyqe httpstcowjsonzyuh,negative
60,prescribing antibiotic ai partner news newsmakers meta wtw intl energy agency httpstconkvasgj llm,negative
61,grok xai claim outperform rival llm space communication today httpstcoyxgmrrtn llm,negative
62,generative ai con hacker news httpstcogjaxzukkou llm,negative
63,evaluating large language model high school physic education researchgate httpstcowumudikre llm,negative
64,future rpa agentic framework llm shaping intelligent automation httpstcomgvhavr llm,negative
65,new openai benchmark find ai software engineering task upwork httpstcoqvmyamapc llm,negative
66,frequently asked question deepseek large language model llm httpstcoiwnvwn llm,negative
67,bt weighs ai impact sustainability goal tm forum inform httpstconwfmgijgvh llm,negative
68,ai rule byollm bring llm future msn httpstcobjpcsfvpo llm,negative
69,llm strategy better train use box deloitte httpstcokjecgjuei llm,negative
70,driving result ai building strategy longterm success et cio httpstcouehaobi llm,negative
71,read httpstcohcoiwfdqu largelanguagemodels llm responsibleai generativeai machinelearning iot responsibleai artificialintelligence digitaltransformation nlp nlu responsibleai airegulation generativeai httpstcobcmydqi,negative
72,heard llmstxt cyberandy explains might gamechanger tune ai llm seo podcast httpstcofficflsmc,negative
73,aaditsh page ai amp llm thats lot training data bet publicai could whip summary decentralized brainpower ai llm,negative
74,outanalyzing analyst openais deepresearch pair reasoning llm agentic rag automate work amp replace job largelanguagemodels llm retrievalaugmentedgeneration ai artificialintelligence tech technology hallucination httpstcolkidedusv httpstcobtjfyofhvo,negative
75,atom premium marketplace domain domainnames domainsforsale domainbrokers ai crypto iot chatgpt agi blockchain onchain btc startup llm chatbots business agentic aiagent aiagents httpstcotjfrlzghr,negative
76,guildofeducators chat llm education march llm used footgun crutch llm useful tool teaching aid llm changing people write code join conversation httpstcokfxwjzccz httpstcofgfdhgjk,negative
77,deep research throwdown perplexity v google v openai everyday ai chat deepresearch openai google perplexity ai aitools research ai genai llm llm ainews httpstcoxxvriuchfg,negative
78,next phase ai adoption defence development bespoke large language model llm similar us defense llama china deepseek v india must consider indiclanguage defence llm jui marathe amp girichaitanya httpstcosjlnbmchzu,negative
79,thanks claude sonnet explaining making code robust lazydev llm httpstcoiqplshzctx,negative
80,optimizing llm inference like trying teach boomer defi got ta strip away bloat quantize weight prune neuron lean af virtualsio know whats rig framework shit efficient ex new httpstcokyacqqndq,negative
81,hilabsinc recognized gartner report genai healthcare httpstconvvywnz aitech automatecomplexworkflows gartner genai healthcare hilabs llm news,negative
82,ai race u china india who leading llm dive battle ai giant httpstcobowxgnjuh who winning drop thought ai llm techwars httpstcotozvkjcsn,negative
83,arrival deepseek impact cx operation workflowautomation verint ai llm security compliance automation cxautomation verintelevate httpstcothfzvsy,negative
84,understand prompting understand magic prompt promptengineering llm ai prompt httpstcolpvqwmsoor,negative
85,johnnosta llmgenerated dialogue technology create uncanny simulacrum human interaction raise fundamental question trust deception authenticityjohnnosta ai llm creepy deepfakes delightful digital world innovation responsibleai httpstconukaeljpw,negative
86,check latest article understanding retrievalaugmented generation rag architecture rag ragarchitecture llm ai llama langchain httpstcowrssgqugms,negative
87,replication deepseek style grpo reinforcement learning small llm model weight open httpstcofpazqvyyq quick amp dirty chat interface try model httpstcozjrsxghf might sec cold start lag first query,negative
88,vector similarity search explained lt second follow want learn use llm build application ai llm development httpstcohtnucpntd,negative
89,ever left meeting thinking couldve email meeting unproductive set clear agenda keep discussion focused assign action item whats biggest meeting frustration reply meeting productivity llm,negative
90,korean expert urge govt prioritize ai infrastructure llm korea joongang daily httpstcomkgnlycs llm,negative
91,mistralai introduced mistral saba llm built middle east amp south asia understands arabic natively optimized speed amp efficiency outperforming model x size deployable locally enterprise security ai saudivision saudiarabia gulf,negative
92,get latest genaidriven analysis trump tariff plan impacting u dollar global market httpstcoxzjqda trump tariff market globalmarkets marketintelligence markettrends usd ai genai llm httpstcoijolmvv,negative
93,top goldman sachs quant excited deepseek breakthrough capital brief httpstcoyvubartn llm,negative
94,large language model powered tool market worth usd bn httpstcoedxvefhcx llm,negative
95,openai tested ai model real upwork engineering task showing llm arent ready real world yet openai ai upwork llm technology httpstcotilloznswd,negative
96,italian gov block access potential llama blog post plot thickens ai llm techpolicy httpstcoknkmpfcpaf,negative
97,combination allows chatbots handle task fixed pure llm flow alone couldntproviding intelligent adaptable user experience bot agenticai artificialintelligence llm,negative
98,hybrid approach blend fixed flow dynamic llmdriven response welldefined step eg collecting user info option selection fixed flow work best llm agenticai artificialintelligence,negative
99,winning approach today combining strength method strike perfect balance structure flexibility flexibility llm bot,negative
100,nowadays tempting build chatbots simply adding llm rag behind every conversation offer lot intelligence always best route llm aimodel bot,negative
